https://www.facebook.com/anuradha.hattangadi,
https://www.facebook.com/vartika7,
https://www.facebook.com/katayun.pithawalla,
https://www.facebook.com/bithin.ghosh.14,
https://www.facebook.com/smita.talcherkar,
https://www.facebook.com/delna.elavia,
https://www.facebook.com/malekasif,
https://www.facebook.com/l.php,
https://www.facebook.com/anusha.manjani,
https://www.facebook.com/thelma.machado,
https://www.facebook.com/jethalal.kaku,
https://www.facebook.com/punita.patel.334,
https://www.facebook.com/kirantandon.nandrajog,
https://www.facebook.com/upasna.tyagi,
https://www.facebook.com/profile.php,
https://www.facebook.com/sanghamitra.chakraborty,
https://www.facebook.com/palki.kochhar,
https://www.facebook.com/shreya.kushwaha.98,
https://www.facebook.com/rohit.singhvi.3,
https://www.facebook.com/brian.almeida.106,
https://www.facebook.com/mallika.bhat.376,
https://www.facebook.com/sandeep.suryawanshi.581,
https://www.facebook.com/coffee.bean.98,
https://www.facebook.com/vishaldevji.devji,
https://www.facebook.com/saurabh.kalyankar,
https://www.facebook.com/ankita.squashmaniac,
https://www.facebook.com/divya.aswani.1,
https://www.facebook.com/sumit.atwal.7,
https://www.facebook.com/btejal,
https://www.facebook.com/tanushree.agarwal.127,
https://www.facebook.com/anuya.chakravarthi,
https://www.facebook.com/shivani.wagh.9,
https://www.facebook.com/yogicadu,
https://www.facebook.com/arvind.prabhoo,
https://www.facebook.com/rishit.kamdar,
https://www.facebook.com/shikha.lath.3,
https://www.facebook.com/shabista.sajid,
https://www.facebook.com/karanbadkar,
https://www.facebook.com/niharika.goswami.31,
https://www.facebook.com/sharad.ruia.9,
https://www.facebook.com/shweta.shah.1671,
https://www.facebook.com/babita.dawra,
https://www.facebook.com/diptinavaney,
https://www.facebook.com/charli.shamli,
https://www.facebook.com/huma.qureshi.3958,
https://www.facebook.com/pranjali.bhosle.5,
https://www.facebook.com/nikhil.manchanda.92,
https://www.facebook.com/parul.mayani,
https://www.facebook.com/nithya.sridharan,
https://www.facebook.com/samira.mahajan,
https://www.facebook.com/Nalinswami,
https://www.facebook.com/anushasachdeva,
https://www.facebook.com/poonam.thaval,
https://www.facebook.com/bonani.swamimitra,
https://www.facebook.com/ruchita.doshi.10,
https://www.facebook.com/sakina.shakeer,
https://www.facebook.com/saminashaikh44,
https://www.facebook.com/bhatia.vasudev,
https://www.facebook.com/cara.avasia,
https://www.facebook.com/charvi.bubna,
https://www.facebook.com/harold.dpenha,
https://www.facebook.com/sharmamin,
https://www.facebook.com/radhika.karle,
https://www.facebook.com/priyanka.barchha,
https://www.facebook.com/hemali.talsania,
https://www.facebook.com/sarika.shah.338,
https://www.facebook.com/mukti.hariharan,
https://www.facebook.com/kaillash.malhotra,
https://www.facebook.com/diya.nayar,
https://www.facebook.com/parth.lakhani.71,
https://www.facebook.com/swati.shah.3388,
https://www.facebook.com/poojamertia,
https://www.facebook.com/nikhil.vyas.5209,
https://www.facebook.com/rushabhv,
https://www.facebook.com/hetal.mehta.73932,
https://www.facebook.com/Amit0404,
https://www.facebook.com/bunty.makkad,
https://www.facebook.com/kekeart.keke,
https://www.facebook.com/dsilvacandida,
https://www.facebook.com/sanya.merchant,
https://www.facebook.com/latika.basri,
https://www.facebook.com/tanvi.mehra.9,
https://www.facebook.com/nidhi.rohra.5,
https://www.facebook.com/vinith.tibrewala,
https://www.facebook.com/sumit.r.khaneja,
https://www.facebook.com/vera.bhiwandiwalla,
https://www.facebook.com/fatema.gabajiwala,
https://www.facebook.com/masumi.mewawalla5,
https://www.facebook.com/drtejalshah28,
https://www.facebook.com/sneha.punjabi05,
https://www.facebook.com/mehtamahafrin,
https://www.facebook.com/binita.shahpalkhiwala,
https://www.facebook.com/shehla.khan.756,
https://www.facebook.com/terence.caleb,
https://www.facebook.com/sunoj.subhagan,
https://www.facebook.com/tanushree.palan,
https://www.facebook.com/Snowleopardini,
https://www.facebook.com/manishas.kohli,
https://www.facebook.com/nehazsg,
https://www.facebook.com/architectnishantgupta,
https://www.facebook.com/bindras,
https://www.facebook.com/laxmi.raheja,
https://www.facebook.com/akansha.kapil.9,
https://www.facebook.com/anup.shah.94849,
https://www.facebook.com/poojaad06,
https://www.facebook.com/harshita.punjabi.5,
https://www.facebook.com/djain217,
https://www.facebook.com/gayatri.dixit.75,
https://www.facebook.com/madhuri.raneadhalrao,
https://www.facebook.com/ritikabasu,
https://www.facebook.com/Foramnv,
https://www.facebook.com/Simrakesh99,
https://www.facebook.com/bharat.shah.3114935,
https://www.facebook.com/karan.sachdeva.106,
https://www.facebook.com/lakshmi.nair.7393,
https://www.facebook.com/umehani.rangwala,
https://www.facebook.com/shwetakonnurmenon,
https://www.facebook.com/reshmaa.madnani,
https://www.facebook.com/Mohit0925,
https://www.facebook.com/pooja.shahani,
https://www.facebook.com/anand.chaturvedi1,
https://www.facebook.com/Natasha79,
https://www.facebook.com/prasad.bhosle.39,
https://www.facebook.com/swati.pillai,
https://www.facebook.com/anupam.sathe,
https://www.facebook.com/swatimagdani,
https://www.facebook.com/bhavinelite,
https://www.facebook.com/karishmamehta.parikh,
https://www.facebook.com/rose.pinto.9674,
https://www.facebook.com/vj.dhingreja,
https://www.facebook.com/chinky.sainani,
https://www.facebook.com/mudita.narsaria,
https://www.facebook.com/alex.fernandes.1297,
https://www.facebook.com/maitri.shah1,
https://www.facebook.com/madhuvanthi.mohan,
https://www.facebook.com/mukesh.agrawal.9889,
https://www.facebook.com/shabbsk,
https://www.facebook.com/akshay.shetty.3517,
https://www.facebook.com/ishmeet.vig,
https://www.facebook.com/ruby.gabadia,
https://www.facebook.com/ashishrthadani,
https://www.facebook.com/monishd1,
https://www.facebook.com/tina.tharwani,
https://www.facebook.com/veena.deshpande.98,
https://www.facebook.com/lathasunadh,
https://www.facebook.com/krashani.naidoo.9,
https://www.facebook.com/siddhartha.jain.56808,
https://www.facebook.com/radhika.h.sethi.7,
https://www.facebook.com/nidhi.p.poonja,
https://www.facebook.com/Tani.P,
https://www.facebook.com/monika.bhattacharyya.3,
https://www.facebook.com/aryayaanil,
https://www.facebook.com/bhavi.ajmera,
https://www.facebook.com/zarina.shaikh3,
https://www.facebook.com/shivanshu.ratra,
https://www.facebook.com/jay.khambatta,
https://www.facebook.com/somnath.kadam.3990,
https://www.facebook.com/Yvonne1949,
https://www.facebook.com/nagdamunjal,
https://www.facebook.com/ronyd,
https://www.facebook.com/saket.kumar.3760,
https://www.facebook.com/avrio.r,
https://www.facebook.com/pawan.vig.9,
https://www.facebook.com/shreya.rungta.3,
https://www.facebook.com/dimple.belani.9,
https://www.facebook.com/garey.alphonso,
https://www.facebook.com/malik.gilani.182,
https://www.facebook.com/shuchi.gore,
https://www.facebook.com/drbhairavi,
https://www.facebook.com/palaye.sa,
https://www.facebook.com/saloni.rishiraj,
https://www.facebook.com/shivani.patel.9231,
https://www.facebook.com/amit.chavan2,
https://www.facebook.com/nisha.khetan,
https://www.facebook.com/vinny.edattukaran,
https://www.facebook.com/noopur.nimbalkar,
https://www.facebook.com/jirajett.wong,
https://www.facebook.com/fahad.samar,
https://www.facebook.com/varun.khanna.712,
https://www.facebook.com/sachi7,
https://www.facebook.com/toshki,
https://www.facebook.com/parmjit.kaur.370515,
https://www.facebook.com/shivang.unadkat,
https://www.facebook.com/juliana.fattah,
https://www.facebook.com/vidisha.mahadevia,
